Designator,Mid X,Mid Y,Rotation,Layer
BT1,171.06,-106.5,0.0,bottom
C1,127.0,-113.0,0.0,bottom
C2,123.725,-113.0,180.0,bottom
D2,159.5,-113.0,90.0,bottom
R10,157.5,-122.5,270.0,bottom
R11,163.0,-136.5,270.0,bottom
R12,167.5,-122.5,270.0,bottom
R13,173.0,-136.5,270.0,bottom
R14,183.0,-136.5,270.0,bottom
R15,104.0,-101.5,0.0,bottom
R16,113.0,-104.0,90.0,bottom
R17,125.0,-104.175,90.0,bottom
R2,113.0,-136.5,270.0,bottom
R3,117.5,-122.5,270.0,bottom
R4,123.0,-136.5,270.0,bottom
R5,127.5,-122.5,270.0,bottom
R6,133.0,-136.5,270.0,bottom
R7,143.0,-136.5,270.0,bottom
R8,147.5,-122.5,270.0,bottom
R9,153.0,-136.5,270.0,bottom
U1,119.0625,-113.25,90.0,bottom
